audio,text
3d72dc66-cf86-463c-8d1c-62015abd2ada.mp3," This research study investigates the effects of different types of music on wild monkeys. The aim of the study is to examine changes in monkey behavior when exposed to music, particularly in terms of social interaction levels. This paper reports several findings and identifies potential applications for the animal conservation sector."
audio_01b2d104-73db-4550-aac8-02218a52f134.m4a," Deliberately, he cracked a joke, knowing it here, annoyed her."
audio_02d58595-3e0e-4209-8f01-1f12d924bb17.m4a, We are known low firms are trying to take action again to legal the Beko companies.
audio_030c1a98-f560-4c4e-be54-66543ba54718.m4a, Due to his outstanding contribution he has received a resource grant.
audio_04f9e638-3714-4494-be6f-327c18895327.m4a," Getting ready to retire, he is a hard-working, impoverent gardener."
audio_052b06ec-23e9-4a8c-982c-5dcc082a8a27.m4a, Lighting is a crucial element.
audio_05be65c6-2f52-4aae-acca-8bbab77b5c9d.m4a, They were living comfortably and like the people in the other parts of the world.
audio_05eb7386-0407-486f-87e7-a359133feb11.m4a," He was unsuccessful on security, a position of the company's board."
audio_07253714-e44e-4b59-b32e-fa155ac9218a.m4a," Elangkan ini dari v 2gat,"
audio_084b88f6-013f-4796-a391-325958588e93.m4a," Due to outstanding contribution, you should issue for outstanding grant."
audio_08bf8a53-1e31-4d82-8979-b53a14baa196.m4a, To win the start is the legal company's state of of the action.
audio_09fa63c1-6d09-45be-9acb-5e377ec5d5c8.m4a, Enjoy the sun was sitting with the other local workers.
audio_09fb6869-c5c5-479f-b09d-2f768f1ded55.m4a, She enjoys her sandwich while sitting with a several other office worker on their break.
audio_0a2fb866-25a3-42e0-b672-a02f6b8ddd1a.m4a, Deliberately he cracked the joke knowing it would annoy her.
audio_0a5a69f5-ba7d-4711-b43d-06d71d8cb59d.m4a, paredetul meneza rog pe bani da.
audio_0b1d1718-c3d3-4993-b37f-c3cc0b15ab45.m4a, Using trains for transported goods is better than using roads.
audio_0bdd577c-b737-4822-9cbd-4f754eb24cbf.m4a, He is getting to retard his hard work and getting hard in it.
audio_0c81f467-490c-472a-ae43-bd03a73eab7d.m4a," Due to his outstanding contributions, he has received a research grant."
audio_0d4979ae-5c9f-49ab-b2df-119c9116d37f.m4a, They were living comfortably unlike other people in all parts of the world.
audio_0e2aa46c-3241-46e7-b493-8a5f7d05065f.m4a," He tried to blame his mistakes, horn is core workers."
audio_0e7cded9-1569-4202-98f8-59f88384437b.m4a, Ngomangan mas i stopu batinagakat Pei Nawa mai socisatak tu za waka AkВО Tu
audio_0edef3c9-b768-4630-ae0b-08cf598f1202.m4a, The new policy redirected focus from combating inflation.
audio_117d671d-60d1-4da6-9f8e-0f2ca5f85909.m4a, He tried to blame his mistakes to his co-workers.
audio_1187bb15-c2d5-44c1-8b44-5027460f3e8d.m4a, Due to his outstanding contribution he has received.
audio_11966330-a367-4590-b36e-b5b9214975b9.m4a," So, now, if it would be an angel. Sar protein"
audio_126e5a26-766d-4aef-8d82-616a811cb627.m4a, And you manager was appointed to overlook the team world.
audio_1382a336-f749-42a4-a118-7c0f824168a7.m4a, The new policy redirecting focus from combat and inflation.
audio_146b3643-50f1-4410-84f0-93d7ed78afc9.m4a, I'm getting ready to retire. He is a hard-working and hard-working God-waves.
audio_15ac21bd-aee9-4c66-b847-26ecc886cb32.m4a," Over the last three years, we are living indefinitely entirely."
audio_16bb189d-608c-405b-95a7-7ce7353c97b2.m4a, Over the last three years they were living entirely independently.
audio_171b51c4-6e4e-4024-ac61-3ae77f5b0617.m4a, gagal produk tempat kelihatan akan smashahkan pen
audio_175975b9-c76c-48ae-9548-434fea3c9e71.m4a," Over the last three years, they were living the entire life independently."
audio_1774f992-2ab8-4ef7-a7ea-7698d91a9215.m4a, Ready to get Retire? Is a hardworking employee and skilled trained because he is so happy and beautiful.
audio_1805565c-c5ca-4cb5-87c5-c2f8bdb89bc9.m4a, The new policy is directed by combating inflation.
audio_188dcd16-c2ed-4111-81d4-1d54c2b1ad83.m4a, He tried to blame his mistakes on his co-workers.
audio_189f6871-0a00-476a-aaa0-81baec71e19c.m4a, …† … HASI AQUÍD Sua stray hoyr production parkart says Yunzigan —
audio_18c701f0-fde4-4d6e-8919-1927910c7c99.m4a, They are living comfortably unlike other people on the part of the other world.
audio_18e3e856-9afa-42e1-bf61-0f4969336440.m4a, They try to blame the co-workers.
audio_19bcaeda-d7f9-4763-bb71-5fca90e8bafa.m4a, bank account kept separate from the business account.
audio_19c45321-2fe5-4b22-839c-b058308bae86.m4a, Abordant It is unsuccessful for once for the company Board Counselor The board is
audio_19e029c9-8e82-44bb-9726-0ed1f40340d8.m4a, He was unsuccessfully in security for a position in the company's board.
audio_1a770fa1-b54a-42c2-83d0-c687328d66b2.m4a, Lighten is a crucial element from this thingage photograph.
audio_1adeb71f-005e-425d-bb8a-d916219e79d2.m4a," They are living uncomfortably, living people of the past, it is very important."
audio_1b679da0-1e9d-47c4-9e63-1d814a634754.m4a, Do you really think comfortably unleaks people in the other part of the world?
audio_1b770b22-381b-4099-9272-8b47bb295e02.m4a, The course outline is adjusted at the student preferences.
audio_1d62ecd5-34fd-4327-a17b-798322515bf0.m4a, He was unsuccessful in securing a position on the company's board.
audio_1dc0d780-3281-46b1-a2d5-c101905439e8.m4a, She enjoyed her saddu it well enjoying it with her several workers.
audio_1ee6e6e0-5d8d-4f1f-aff5-65b7a3443af3.m4a, Many of our employees are assigned overseas at certain stages.
audio_1f03234a-ed1d-4139-b2da-54f4610c064a.m4a, It seems that speaking as a representative is expected.
audio_1f62b8c1-7b69-4083-82fb-a7df2cbeca52.m4a, Over the last three years they have been living totally independently.
audio_20e331ec-95a6-4367-955e-f732b7d101de.m4a, A copy of letter was attached to the blatant board.
audio_21bfe4a4-83c0-42ca-850e-f2aeb6ea5e7c.m4a, The new policy redirected the focus to combat in the place.
audio_2283092f-fca0-45b3-88a7-4dc28f350ad5.m4a, The staff should ensure have a day in enjoyable and educational.
audio_2343e913-078c-483b-9d44-ad6b0bcdc64f.m4a," Due to his outstanding contribution, he has received his research grant."
audio_234773e5-2271-4e14-b33e-210d2a204814.m4a, A coffee of the letters are attached to the boliting board.
audio_23a09f59-d336-46dc-b77a-000088014e07.m4a, She enjoyed her sandwich with separate with other officers and breakfast.
audio_23b2b7dd-b64a-4f8a-84dc-4bfd4f2cf241.m4a, Hanya dia tidak khusuran irat di activatif di roads dess chacun ber Februar.
audio_24b8cb70-45b4-439d-b5b7-7062c75a742e.m4a, The leveritli is quactit chok knowing and knowing here.
audio_2576f410-afb9-48db-bc96-99f53c708430.m4a, The bank accounts for business is kept separate from personal account.
audio_257c1a74-153f-457e-8a34-1a514c689955.m4a, Lighting is a crucial element with the distinguished ordinary photographs.
audio_259e2a37-a85d-49b6-8dac-6922946fc05a.m4a, The staff should say children the day is both enjoyable.
audio_2656ed69-d224-4309-9c6c-7f3d79022185.m4a, She enjoyed her sandwich while sitting on break first with her other friends on the break.
audio_26a66aa8-0aff-44e8-b0b4-339d05039dcc.m4a," Getting ready to retire, he is a hard working employee, a skilled gardening."
audio_26b0ab19-ac6f-433b-95b2-3a48bad12aae.m4a," exception once. Light, Elevants, Photograph, Exercise 1."
audio_26d62e69-ac57-4ed1-b004-21edf537d37c.m4a, She enjoyed eating her sandwich while sitting with other workers during their break.
audio_275173c8-53ca-4127-a9aa-9b01d6019ce2.m4a," Over the last three years, they have been living entirely independently."
audio_277eb9ff-9f9d-43df-9177-8265ecdc79f8.m4a, He tried to blame his mistakes on his score workers.
audio_2848efb0-c25d-4dae-a9e8-f4bc165630ed.m4a, Do you really think it's a good part of the league? Unless people are the parts of the world.
audio_2936a86d-2ef7-4114-bafa-254267c0a781.m4a, Ustanding Preparation using the stand.
audio_294388ad-e5d2-4303-a8d4-79b38f903617.m4a, The copy of the letter was attached to the bulletin board.
audio_29c959aa-10c5-4a79-b0fb-edb65ac0ad76.m4a,iskir ra Season 1
audio_2aa27189-bc57-48b3-b3e4-b46ebb22d3cb.m4a," Getting ready to return, he is a hardworking employee and skilled gardener."
audio_2aafac79-8e17-458b-82af-6ef9485a4a01.m4a, A copy of the letter attached in the buddhist note.
audio_2b053f79-00dc-4774-9d5d-0bf213a936af.m4a, The staff should show their students how a day is both enjoyable and educational.
audio_2bc06b73-df74-471b-91d3-564002d292fb.m4a," Over the last three years, they have been living entirely independently."
audio_2c777425-c709-44e2-a086-d9760f1d9cc1.m4a," Although lacking experience, he compensated with a willingness to learn."
audio_2cb981e4-bfe8-4fb8-b12e-85c6793edb80.m4a, The substance in soul.chillin have a day that is both enjoyable and education.
audio_2d41829b-a463-4562-81e8-e3e08eec5dc9.m4a," Deliberately it cracks the joke, noise it will annoy her."
audio_2d9e5384-d8b8-40f1-9284-9944af24ee25.m4a, Keittingen k shelvesmaan unului tai stomsak arbeiten μας 125 jeussain tämän peru ilmust
audio_2ef2cda5-2002-49b6-b0e7-66793d291970.m4a, He was unsuccessful in security and position on a company's board.
audio_2fe61650-d8ec-4ac6-bd4e-5415c588698a.m4a, A copy of the later was attached to the bulletin board.
audio_2ffca301-649f-4cd8-9588-637b41ba13d3.m4a, He was unsuccessful position in the board.
audio_30161425-b351-41ba-9b12-60e807a4baee.m4a, She enjoyed her sandwich while sitting with other office workers on their break.
audio_314a4bea-17c1-4a11-bae7-b4c6d0573a81.m4a, iptay tu da mu solo으면 ∂ yawn n Operabil du
audio_31ed4eea-ad09-4538-932e-c91ca15230ea.m4a, See enjoy her sandwich while sitting with other office workers in the break.
audio_33009aab-7cac-4ac2-b7d9-7a267f7cac1a.m4a, The library he correct the job and knowing her.
audio_33d9dd5e-3500-4864-b11b-56955d05a88b.m4a, Although like an experience as he compensated with willingness to learn.
audio_340e193e-6dec-40f9-a446-0df58ea32acb.m4a, Get ready to retire. He is hardworking employee and skilled gardener.
audio_35daccf3-4c4d-41f5-84ce-e55766491ce3.m4a, Over the last three years they have been living independently.
audio_35e941f2-4bf9-4d36-8619-1c318b888ca6.m4a," He getting to retire, he is a hard working and passionate."
audio_3629e6ef-032a-41db-977f-5a5782c7ad85.m4a, The course content is adjusted based on the student's preferences.
audio_36e57a5d-c1c2-43b5-a0c2-cf6c8c9786ac.m4a, She enjoyed us and the Sandwee separate enjoyed.
audio_3770eed3-b6de-42d0-8c27-70b18af05f0d.m4a, She enjoyed her sandwich while sitting with her coworkers in her break.
audio_377f405f-508d-4b84-871c-6779f33ea136.m4a, Batasa mem Prepare
audio_37b00798-0317-4557-a1b5-f11253d6e09f.m4a, Semoga des出来 dapat satu sebuah venti.
audio_384c1f79-8577-4663-bdba-33245a5d85ea (1).m4a, Lighting is a crucial element that is tinged per photograph per exceptional warmth.
audio_384c1f79-8577-4663-bdba-33245a5d85ea (2).m4a, Lighting is a crucial element that is tinged per photograph per exceptional warmth.
audio_384c1f79-8577-4663-bdba-33245a5d85ea.m4a, Lighting is a crucial element that is tinged per photograph per exceptional warmth.
audio_3875c590-4931-42b7-aefe-05a7efb2d967.m4a, This seems to think represented who expected to think.
audio_3928a2f7-660e-45e9-ba54-a91a59d2e3e0.m4a, They were leaving cooperatively and likes people in the heart of the world.
audio_39fa73a4-dcb0-4fe5-aa3d-95a54c18ee7b.m4a, Lightning is the lightning is crucial element the distinction Avnery photograph
audio_3b7fa9a6-b190-41f1-8ef3-76df3a3a93f5.m4a, Accounts separate kept from the personal account.
audio_3ba3c085-2118-440c-8cae-cf51758dad04.m4a," The bank separate with personal account, the bank separate with personal account."
audio_3be263a1-e4ef-4d7a-a7d7-ff895862e2ca.m4a, The bank account for the business gets separate for the separate accounts.
audio_3c9fa0aa-2405-4dd3-ae26-19725741bd09.m4a, Manyafore implies assign overseas for certain stages.
audio_3cab51c4-b75e-4878-aa91-58692b8f8a84.m4a, She enjoyed her sandwiches while sitting with several other employees around her.
audio_3dfc4f13-b0cd-4070-92c4-b369eef6f989.m4a, She enjoyed her sandwich while sitting with several other office workers on their break.
audio_3e447a03-d9fa-42aa-b419-8fef497f9131.m4a, Over the three years they are living independently.
audio_3f1b193e-c25d-478d-a1cc-c804ebeb8c8f.m4a, Elles seront likesin plus les gens des parites de laite d'une deprived.
audio_3ff2d9eb-7ea9-4826-9454-1958b71f3dc5.m4a, The bank account for the business is separately kept for personal account.
audio_4013fcb7-f033-4541-a706-2f5006b5dca8.m4a, They are living comparatively unlike people on the other part of the world.
audio_4090c6c4-f684-44b2-8b50-b047554dceb0.m4a, The way living comfortably I like people from other parts of the world.
audio_41beed4d-0d33-48ab-9d4b-38085179db0b.m4a, Over the last three years they have living entirely independently.
audio_431e447d-439d-459c-bdb0-2c126e3febdc.m4a, Outstanding contribution he has received a stone ground.
audio_4339398f-3579-461a-9ff4-e13479bd052b.m4a, The new policy read and directing for a new comeback in policies.
audio_439c3b28-6189-4a94-a938-8195a44b4e32.m4a, He's trying to play in mistake on call workers.
audio_444853ff-c78d-4413-b9d3-d411b918db08.m4a, The staff need to ensure that the kit has 30 enjoyable.
audio_445b9740-81cf-4ca9-b613-5382d9d37878.m4a, deliberately she has cracked gel joke knowing it could annoy her.
audio_448d0f6a-c61e-49c7-b4c2-525eac0fde3b.m4a," Lighting is a crucial elements to the photograph, distinguished to photographs."
audio_4507ebca-7187-45af-8475-482e6fc47177.m4a, will be being comfortably unlike people in the art of art in the world.
audio_45bf7391-9cac-4d0c-81e9-824b25ce913a.m4a, They were living comfortably unlike people in the other parts of the world.
audio_45eb4833-72e9-4895-ae6b-72e3a864cec7.m4a," Delipidately, he cracked the joke, knowing it would annoy her."
audio_46191f93-cb52-41ef-898b-35e6c1906ecc.m4a, The staff should ensure that children have a day both enjoyable and educational.
audio_46ab2146-8430-4989-bc6a-299ec03d9951.m4a, They are living together unlike people in the other part of the world.
audio_47601484-f901-43e1-b716-cd689e214c26.m4a, The course adjustment is based on the student's preference.
audio_47ba48cb-ee39-42b3-b377-f0c8875f7e17.m4a, A copy of later is attached to the meeting board.
audio_47ddb83a-710e-404d-9225-e39191527ad0.m4a, Lighting is a crucial element. It is distinguished of the elements of the work of human body.
audio_48d72efe-cfd3-4fc4-9a46-8a779ae1677e.m4a, Over the last three years they were leaving independently.
audio_49cde193-5b3b-4147-a913-93cd32034468.m4a, Over the last three years they are being independent.
audio_4c331d6c-2766-40da-af0e-ba73d5ab0416.m4a, Bunk account for a business keep separate for the personal account.
audio_4c56f07c-0abc-4bc5-b907-a95a27162208.m4a," Getting ready to retire, he is a hard working and a good gardener."
audio_4d04eff2-953b-4cc2-8e56-f94056a6ff5d.m4a, A try to blame his mistakes to his co-workers.
audio_4d3a3148-eb36-474d-bc1c-7688bb26347a.m4a, Getting rid of it and he is a hard working employee and skilled gardener.
audio_4d3cf2d1-7c5a-4a5e-affe-9fdcb23a1537.m4a, They were living comfortably unlike people in other parts of the world.
audio_4e8e5042-10fb-4e3c-839b-b5bf7630b6b8.m4a, The course content adjusted based on student's preferences.
audio_4ebca737-a264-4b60-82c9-f8a5a3645656.m4a, Lightning is the crucial element that distinguish ordinary photographs from crucial months.
audio_4fd796a5-7740-4de0-9082-5ad18e075ac4.m4a, is keeping total required.... is heating a hardball thing hardener your lucky
audio_5063330c-7ab4-4fb6-bfa7-bc9709cf0434.m4a," Due to his outstanding research, he can do everything he wants."
audio_51a2a9d4-819f-40fd-b1cc-d8168d5b5a77.m4a," Deliver it to the job, knowing it's clever here."
audio_5264d01c-0228-455d-983c-b4ac0d18280d.m4a, He tried to blame his mistakes on his go-waters.
audio_52dd6faa-e59f-4cfd-8a5c-2ccf65dee1e7.m4a," Let me use a crucial element, a crucial element, a distribution of photos and exceptional elements."
audio_53f8c880-e0a8-4a9b-b16c-251189383daa.m4a, Lighting is the crucial element of the Distiguse Spit with the photographs.
audio_54417277-19eb-4fa8-bf8e-0453355e1c70.m4a, He tried to blame his mistake on his co-workers.
audio_55213396-77d4-413d-9ae2-1a377e335821.m4a, He tries to blame his mistakes on cold worker.
audio_55561999-7a53-49ac-abee-17002be412b9.m4a, She enjoyed a sandwich with several office workers in the break.
audio_575fdab1-c679-453f-a064-e9562b8372f6.m4a, Many of our employees are assigned overseas for employment.
audio_57a2c1cc-61ce-44da-8051-71e2445f6ed5.m4a, The banger accounts for the business we kept separate from the
audio_57bead23-8fcb-4dff-87a0-60dee0d68fea.m4a, a deliberately crack the joke knowing it annoy her
audio_58086f34-0c46-4dba-b9a8-b8cc29429891.m4a, He's intending that speaking as a representative was suspected.
audio_59162510-9a04-4129-8f2b-5215f53995d9.m4a, The staff and children both of the enjoy of the day and the environment.
audio_598ddc2b-a4f5-47bb-8b42-da65423e5ded.m4a, They are living independently.
audio_5a0584e6-6554-40cc-bedf-bca251c9fa6c.m4a, Over the last three years they have lived entirely independent.
audio_5acc7326-7c78-44ff-af05-d3f33b80b10f.m4a, He was unsuccessful in securing the company board.
audio_5af74575-060a-4301-a3d8-19bd46816d2e.m4a, Many offer employance are sent to overseas.
audio_5c04abfb-faf8-444e-9a1a-f8b24ff5864a.m4a," Over the last three years, they have lived in the North independently and independently."
audio_5cb0c69d-ee6c-4ab0-9a8b-8ec529c45d62.m4a," Due to his outstanding contributions, he has received a stained grant."
audio_5d1b7e79-e90e-4e86-8b19-7b43009fbed2.m4a, They were living comfortably unlike the people in other parts of the world.
audio_5dbb4528-0430-4ff4-8ed4-af63fdd6af47.m4a, The staff should ensure that both have a day of enjoyment and educational.
audio_5f80fefc-03a4-4565-8e17-f59da18810e1.m4a," Many of our employees are science, the Overseas."
audio_5ff0fb31-02bd-4ca2-883a-a1c9d83a4a1a.m4a, He tried to blitz on his mistake and co-workers.
audio_6148a09e-3811-4838-a13e-489831720f46.m4a, He seemed to think that speaking as a representative was expected.
audio_628082ad-4478-41f8-83b5-3142ffe22469.m4a, A new manager was appointed to overlook the new team.
audio_62ceeb02-8b27-47f2-8ae3-ed3f0a2d02b1.m4a, She enjoyed her sandwich while sitting.
audio_62e70007-ecf8-4694-862f-f2ac2799f328.m4a, For the last three years they are living independently for the time.
audio_6336c9e0-8e3e-49a0-bb2c-07909a2ba543.m4a, The chai are both enjoyable and educational.
audio_63e0eb96-0a0a-4aee-ad73-b1dfca3f5d22.m4a, The new policy redirecting focus from combat inflation.
audio_6426d28e-815e-4db0-88ba-3b2cdc296895.m4a," Getting ready to retired, he is a hard working employer and skilled gardener."
audio_65a74968-bcfe-40ce-a157-9cc407769845.m4a,ridge başta seminizoriesi door smile
audio_661622a7-b4f6-4e4a-8ac0-4eca97338441.m4a, The bank account from the business account has kept separately from the personal account.
audio_66341e4a-45b5-4f76-a79a-694929735e9a.m4a," Over the last 3 years, there are living independently."
audio_6646748f-1182-469e-82f3-2c4f45fb6ff2.m4a, consulting extingusz elektryjeny
audio_66ee0c5d-6353-449c-bcc7-9f1426d24bb5.m4a, He was unsuccessful in getting a position in the company's board.
audio_670e2bc1-15a3-4144-b99e-64b651df5871.m4a," Rangguh dengan lakuburan, bukan dengan keluarga yang kekeitaan."
audio_67206d41-490a-449c-a963-35ae5ddabc3b.m4a, as a representative for suspecting.
audio_6721bcf3-3347-48a9-8b8f-02d97dcbe848.m4a," The staff shouldn't show that children have a day, both enjoyable."
audio_6721de03-4a9a-4f13-878d-0d6187b3f32a.m4a, A copy of the letter was attached the bulletin board.
audio_672557ce-60d6-4bcb-b401-01fc7d0d3621.m4a, The course content is adjusted according to the student preferences.
audio_692b084a-7c1f-40bc-84a6-a719d6830e92.m4a, The bank account from the business have been kept separate from bank accounts.
audio_6bdf7b2e-c667-436f-9cc6-4e786e705154.m4a," Deliberately, he cracked the joke knowing it would annoy her."
audio_6ec174fa-b90b-4777-b997-a2a04b015d32.m4a, He tried to blame his mistakes to his co-workers.
audio_6f162707-b2a9-4de6-a5ef-d374dd0c9dc3.m4a, She enjoyed sandwich while sitting with several other office workers on the
audio_6f2d374f-eafc-4a4a-b53a-f60759bac9c1.m4a, Over the last 3 years they have been living entirely independent.
audio_703cf813-7665-4cf7-b5d3-afcde84a7eaf.m4a, A new manager was appointed to overlook the team's work.
audio_71271b33-835f-425d-91de-33fbba2000d9.m4a," He is really getting the retard, he is hard working employee and skilled hard in her."
audio_72997cd9-a3a4-437e-bfa9-7db4fb58913a.m4a," Deliberately, he cracked the choke, knowing it would annoy him."
audio_729d9641-7216-4cd9-9915-6724da12a796.m4a, Firdware . Ford Vader☆
audio_72d1f9e9-358d-45d7-a53d-7b062b681ddf.m4a, Using train for transportation is better than using roads.
audio_73fbe3a9-a5c7-4c34-810a-29235e642d6f.m4a, Was I un-successfully ensuring a board?
audio_746f3b6e-6d80-4d0f-8eda-b8abf43917b0.m4a, Getsuhenra pomo
audio_74d9206d-4d0d-47af-9b9e-dc07e6976955.m4a, Contribution has received research grant.
audio_750990de-288d-4165-a874-5235345a055c.m4a, disponikan majlis berhuu dia heading di hospital bajo nya gandang dan knee kecil dia
audio_7571864f-b947-4bfb-b951-d53d47df8395.m4a," Getting ready to retire, he is a hard-working gardener and a retired."
audio_7582d8bf-b98b-4ec1-9ce1-6d2c182b0d48.m4a," Due to his outstanding contributions, he has received a research grant."
audio_76c1c59f-6149-48c0-8b9e-3def7e014a7e.m4a, They are living comfortable for part of the world.
audio_77108dd5-1aa2-40e2-af80-8ace54e12796.m4a, Due to his outstanding contributions he has received a research grant.
audio_78bf4131-2933-4ddc-8404-da8e0fc923a0.m4a, He was unsatisfactory in securing the position of the company's board.
audio_7987ee3e-4a51-433d-b460-a6a1d994239f.m4a,  very soft
audio_79c93fbb-47b7-40e8-90b0-4fe8a21fd9b6.m4a, he was unsuccessful police securing on the company's board
audio_7a0d3ffb-7501-4b75-b5e7-5412a8e6bc7e.m4a," Deliverally he cracked the joke, no one any other."
audio_7a3e1f61-c15a-49ba-95ed-616d988e19a3.m4a," Due to his outstanding research, he has received an regard and everything is going to."
audio_7a467a4f-9c8f-41fe-b494-1ccbc8a575d1.m4a, The staff shouldn't show the children with both enjoyable.
audio_7bf5e66f-3944-4da6-a248-edae2fa54db5.m4a, Lightning is a crucial element with distinguishes the light from the ordinary ones.
audio_7c23eb73-6599-4e94-9d42-eba92525abaf.m4a, Student contribution to the research ground.
audio_7d03cdc7-3532-4037-af13-a1eb6d9e0bc9.m4a, She is why to eat the sandwich during these several other workers during the break time.
audio_7e6e38f4-3511-467a-aff1-66d4859897ad.m4a, The course content is adjusted as the student preferences based on the student's preferences.
audio_7ea181b4-ac85-4269-a3a5-2ef56bd6bb63.m4a, Lighting is an exceptional one which distinguishes the ordinary photograph from the different one.
audio_7f10bded-7478-48dc-b57a-89a82e5d61a4.m4a," Due to his outstanding performance, he is received a grant."
audio_7f1800eb-c9c1-4ade-9f8d-0f3dcb7fbcb2.m4a, The bank account will separate and keep the first adult account.
audio_7faf6efe-51d7-4831-92a0-e99efe0b40e6.m4a, Deberkble oind綜ürti dan Okuroin
audio_7fdb6b4a-fda2-41ca-ac04-a9051b2a34d9.m4a, The course content is adjusted according to the student's preferences.
audio_7ff9a533-6939-4f7a-b11c-55bb79c07cd3.m4a, Lighting is the distinguishing element.
audio_8087dc27-0a31-454f-b207-b102cc4ff6fc.m4a, A copy of the letter was attached to bulletin board.
audio_81667da5-66c4-4267-a8ed-1a117c4700ad.m4a, She enjoyed her sandwich while sitting with several office workers.
audio_81a66be8-3cfb-4472-95ce-23ab6be21efa.m4a, He tried to blame his mistake on his co-workers.
audio_81ff4ad4-1029-4826-91e4-4e60e080d5be.m4a, A new manager was appointed to overlook the team's work.
audio_83dd8f2a-aeab-4a57-9fc5-f2a9e80357f1.m4a, using trends and transportation out of the using of mobs.
audio_8768c772-5731-4804-b438-964741e1bbce.m4a, He seems to think that speaking as representative to be expected.
audio_87ba36c6-ff5b-4cdd-859f-3db268beca40.m4a, Deliberately crack the jokes onto hidden hair.
audio_8955ace3-7fc4-4e7c-b884-ea83275d016c.m4a, He was unsuccessful in position in the company's board.
audio_89b18a35-611f-4154-ac27-5f85f2fa44bd.m4a," Kemudian meni, seluruh�een kanai reservoir."
audio_89e81e5d-5706-44c8-9057-04ccb64ef070.m4a," Getting ready to retire, he is a hardworking employee and skilled hard day gardening."
audio_89e93163-26c1-47f9-ad03-441d687d28fc.m4a, Many of our employees are assigned overseas at certain stages.
audio_8a773cb2-796b-4e3a-913b-b8d5243d1a78.m4a, A new manager is appointed to develop the team's work.
audio_8a845b48-790c-47aa-813d-4df598b34025.m4a, He tried to blame his mistakes on his co-workers.
audio_8aa77324-98c4-4344-878f-123ff2aa1469.m4a, The bank account of a business separately personal account.
audio_8aba0ea6-1c93-4489-bf37-84b943446734.m4a," Deliberately, he correct the joke."
audio_8b960b4a-818a-4aab-820e-e4a674719201.m4a, The new manager is applying to meet how work.
audio_8c086db9-ac65-45b0-b506-d8c384439787.m4a," Minnara nispech seinai niwwei it s筷 hofa, liso kapuru wrabbad kupop wahai ni alarm coneddetan Hot Kool Efilm"
audio_8cdf2f1a-af48-47c9-894e-54579efbbed4.m4a, Lightning is a crucial element and my very happy.
audio_8d8ff449-30a8-4540-9ea6-a6c687612252.m4a, Two well-known law firms are going to take legal action against a well-known tobacco company.
audio_8e6d3f79-7d20-44c1-9ef7-035097b36cdd.m4a, The course content is adjusted the way in the students preferences.
audio_8eb32fc0-daca-44fe-a917-7420ba1e050f.m4a, The course content is adjusted based on the student's preferences.
audio_8eb90795-2282-4855-b4e2-76711e989b5e.m4a, They were living comfortably and like people in other parts of the world.
audio_8ec442c4-0ae5-496e-b1d2-78c3928ff6fb.m4a, The new policy did acting focus to do your purpose.
audio_8ee37005-41ac-4578-8276-5fc45a364152.m4a, The jesteśmy via La Indega28 people is inagogues
audio_8efbd342-29fc-4a29-8567-ffb835d9ec58.m4a, Over the last three years they were living independently.
audio_8f0cf1c2-166e-4415-88c9-f5472e7a1e3c.m4a, Deliberate he correct the job knowing it would any of her
audio_8f3d6c45-fd38-4dc0-b83d-4952f0fe060f.m4a, The bank account for the besties keep super read from the personal account.
audio_8f82b4a6-9bd3-41b4-8a95-8c6c9c7e9af7.m4a," Biglet free, we craft the joke because it is very happening, it is very good to clean the world."
audio_9018c9a8-2a75-485f-ac28-a90f5d482732.m4a," Geting, ready to retard, he is a hardworking employee."
audio_906c1d4a-8ee4-4d24-bae7-a3d57478fcc2.m4a," Sözlü garipающın clinical epoxy sanici sCharlela încandan. Sözlü çok sulduğu alsak yapsın, häufig τ спасибо Spreading ve S mache nope olup"
audio_911441a2-a452-490d-be44-3e90e6576f6e.m4a," Ba, agaw from the business will separate from the personal account."
audio_915489e8-0661-4f19-ab11-764f10adacae.m4a, The course content is adjusted based on the student content.
audio_91f113e3-af65-49ca-815d-ab57db8f3692.m4a, The bank accounts for the business we can separate for the personal accounts.
audio_9230b3f7-3590-4cdd-80d2-6dc0eb99d379.m4a, Bank accounts for the business is separate from the personal accounts.
audio_9340f928-6c4a-4607-a6eb-be4d924518cb.m4a, He seemed to think that speaking as a representative was expected.
audio_93b5d1ac-cab1-4ba1-b7fd-1b8e6d923d52.m4a," Getting ready to retire, he is hardworking employee."
audio_93bfb61a-6629-4ebe-aa7c-e18bea9fed2f.m4a, And your manager appointed in the team work.
audio_9522f342-e4ba-4d06-a311-698443065299.m4a, Try to play his mistakes and co-workers.
audio_95ec6af3-7699-435b-866a-108dda047c5e.m4a, Here is sleeping comfortably and it's unlike people in the world.
audio_95f76f95-42c6-4401-a134-c1fdf9d0597a.m4a, He tried to blame his mistakes on his co-workers.
audio_96419edf-62bd-449d-9570-e0282be4f4a0.m4a, Getting ready to retire is a hot working employee and skill labor.
audio_97424125-bf39-4ed5-9749-2bbeb01725c2.m4a, Whenever she was quarantined she was seated with the Sanficial at their office in 4th Lappery.
audio_98ed6a1d-a3bd-4719-8992-a3fd4db9c4ec.m4a, It was then successfully for ensuring companies both.
audio_9946ba2b-c18d-4b0f-ba29-ca9365e371f5.m4a, The staff should ensure that the children should have a day both enjoyable and educational.
audio_997b1fbd-dcce-4e1e-aa19-c7b63f1783d2.m4a, Over the entire three years they are living independently.
audio_9cad30cf-a9dd-4046-84c0-ff667cad1614.m4a, In exploring the position of company's board.
audio_9ebb6648-68f2-4eab-a21a-c5034d4c83d7.m4a, The literally he cracked the job.
audio_9efc0307-5241-414a-8346-6226a6ad6f9c.m4a, Choosing trains for transporting goods is better than using roads.
audio_9f737c6e-2a86-4822-a58c-d4c710b0b551.m4a, A new manager of pointing to Oberlig's tricks to the world.
audio_9f96d267-5030-4434-b2a0-698f6a89d5c9.m4a, A new manager was appointed to overlook the team work.
audio_9fa7dfd6-e80b-49d4-9d9e-cebf9d0fc4f8.m4a, Many of our employees are our C-Central stations.
audio_a01c4078-576e-4765-b494-c50c1333b2a0.m4a, The course contains space on students preferences.
audio_a03bd52e-e03e-4771-9ec7-6ee11a5d8f6a.m4a, Due to his outstanding contribution he got a new strange.
audio_a0c1338d-78d2-44e6-a9e5-11ffd39f1ff0.m4a," Deliberately, he crock the joke even it will annoy her."
audio_a267d5c1-0b5b-4ece-9620-5533a16a53ba.m4a," He is successful, successful in the garden, for successful, successful, successful."
audio_a2a23e19-59dc-4b51-a5e6-d77ad6b66dd1.m4a, Over the last few years they have been living independently.
audio_a3b474a9-3b8e-4533-aa95-0cda51f1395d.m4a, 2 well known farm and legal action to work a company
audio_a41b0b24-95c9-4ad0-af90-c2a325e74ee1.m4a, Run the Account millones water bank on whole something called blacker and whiteicating
audio_a47872c4-9b7f-44ea-80b3-95a9a96078f3.m4a," They are living comfortably where the people are living in the world, other are fill in the surface."
audio_a5268e53-b275-4806-9046-3a167c698acc.m4a, Over the last three years they have been living entirely independently.
audio_a6df72a2-73e6-4aac-aa02-3614087e3e42.m4a, 2 over the last ear to depend on the last ear
audio_a71a6d76-f46b-4029-990c-7c35cc37f12b.m4a, They were living comfortably unlike in the living parts of the world.
audio_a786dc05-6f72-4a78-9c67-aa23f1e1563f.m4a," Due to his contribution, regard of the recharge."
audio_a8c2a36b-963c-4cdf-ac63-686af657eeb1.m4a, He was unsatisfied in securing a position on the company's board.
audio_a9976730-fc43-4c03-88eb-556a8321178d.m4a, Lighting is a crucial element that distinguishes all the other photographs from the special ones.
audio_a9d43d92-386f-4027-8cfe-418e17bbb35b.m4a, A copy of the letter was attached to the bulletin board.
audio_a9e848d3-910d-43d2-8d67-2dbb053d9801.m4a, They were living comfortably compared to other people in other parts of the world.
audio_aa09af22-c591-4535-b602-2866705cdaf9.m4a, Over the three last years we are living independently.
audio_aa0e4cd0-800f-4b6c-9e6b-d4245cd8443e.m4a, Many of our employees are assigned overseas at certain stages.
audio_ab5a1a8b-0c58-4679-94cd-8f7eb89286da.m4a," In the last 3 years, the years independently, have been independent."
audio_abdb7c9a-76aa-444e-a7b6-b8b209128b87.m4a," Now, I am sure that children have a day with perfect and viable and educational"
audio_abe37bde-b5dd-428e-8ee6-28719210c95c.m4a, He tried to blame his mistakes on his crowwalkers.
audio_ac1eb538-9601-423f-ad6c-db484947b748.m4a, The course content is a GAS to the students' preference.
audio_ad938c8e-6dab-4e4e-8745-d9e694bd5286.m4a," You do his outstanding great for him, you know, to increase his study."
audio_ad984200-a85b-456a-8b63-9f1b5bc99c39.m4a, The course content is adjusted based on the student's content.
audio_ada7ffc4-61a0-4211-a704-7c5ccf23269a.m4a, With outstanding contribution he has to set the band. With outstanding contribution he has to set the band.
audio_aee2ab6b-962c-4052-b173-2e1d98b07d7b.m4a, Getting ready to retire is a high skilled partner.
audio_af4a524d-1d9d-4403-9079-2f4debb36f36.m4a, He tried to blame his mistake on his school workers.
audio_af5ea7f3-ca32-4cbe-ba69-67e39c75b418.m4a," She hates тебя cancer. I am playing a game. Saeed is coming. Saeed importantly, my life is ruined."
audio_af70b6ad-b311-4797-bb79-635785f13cf0.m4a,volliez'i h donít genuaal mal washed éla èl''q ir Illustatas
audio_af78a3e5-a757-46b4-b7c3-9701f50a1dc8.m4a, Over the last three years they have living independently.
audio_af906812-009a-493c-bbe7-bf3b3335e163.m4a, Kes Goatargent yang dibuka untuk menmanakuti sudah dulu.
audio_afc0af2f-a7bd-4e56-b4cb-cebd5bc0d38f.m4a," tiap 3 tahun dalam kecil girun, Anda akan intikan kecil"
audio_b0556373-a8a9-40bd-a39d-849d627ef3bc.m4a, He was unsuccessful in securing a position in the company's mourn.
audio_b0fb6b26-c69d-4eff-b990-5f5d91ede0d4.m4a, Lighting is a crucial element that ordinary photographs from exceptional ones.
audio_b16d767a-3ccf-4c72-ae75-dead661c56ba.m4a, The course is adjusted due to the student's preferences.
audio_b1de8374-491f-4b07-bbd2-95a988041b0c.m4a, The back account we kept separately from the personal accounts.
audio_b3e02517-cfdb-4ac0-aea0-c5e51d104df6.m4a, A new manager was appointed.
audio_b46ae235-ebf4-4270-944d-360db4e99862.m4a,합니다 wahassaktantan las ce-basamala up State Alternating!)
audio_b58c570a-613a-45d8-a548-67e0c5564b5a.m4a, The bank account for business have been separated from personal account.
audio_b5c899d2-bdb1-4027-90b3-6c525b293491.m4a," Do well, no less films are going to start talking like section against Thuku Company."
audio_b73f5515-42ff-442b-9728-f6200ff0e31e.m4a, Pank accounts for the business we keep separate from the business accounts.
audio_b7c356cf-a15e-4fa8-809a-ad0b1a388150.m4a, He tried to blame his mistake on his goal worker.
audio_b7fbbe97-2a32-4cde-9cb7-72e53478f068.m4a, She enjoyed her sandwich while sitting with several other office workers on their break. She enjoyed his time well-break.
audio_b8ae3283-e75a-4b1f-b8c2-e1ab2e6685bd (1).m4a, Lighting is a crucial element of photograph with a element 1.
audio_b8ae3283-e75a-4b1f-b8c2-e1ab2e6685bd.m4a, Lighting is a crucial element of photograph with a element 1.
audio_b8ba6c1c-d010-4c74-9b35-401321b53438.m4a," Due to his outstanding contribution, he has received his research grant."
audio_b928bde9-4c81-43a6-9408-38ad5c63013b.m4a, The course content is adjusted based on the student's preferences.
audio_bbded343-621a-4d9b-a547-e0115e435c16.m4a, They were leaving cooperatively unlike people in the other part of the world.
audio_bc458c64-d406-40b7-8955-9b6096664243.m4a, Mx3 been so we are leaving comfortably unlike the other worlds in the world
audio_bc9b4691-806b-466d-a341-905b5fa0b7b5.m4a, G중 happening garnish
audio_bcbdc733-b140-4ac2-b1f3-afb0a6033c97.m4a, berdua diaporjah dia nak tahu lain Rita
audio_bd1a4573-c750-4356-8af5-5c76cbbf2477.m4a," Although lacking experience, compensate with a willing last to learn."
audio_be54d637-0461-48f6-8d77-ec70bd6a45a6.m4a, He was unsuccessful while securing a position in the company board.
audio_be7ea8e7-1e3d-4dd8-bdcd-522a76b97f78.m4a, He was unsuccessful carrying the position of insecure the position of companies bold.
audio_be8116c9-144b-4f2d-85de-dce2156fce59.m4a," Deliberatlihy krakai jo, knowing that it will annoy her."
audio_beb45dff-f264-43c5-b051-61dab6a3b2a1.m4a, Toward and it's go to a legal action and in the company.
audio_bf4c1e42-b011-4007-b8d6-e4ca521c36f0.m4a, over the entire years you are living the independent
audio_bf9bf0a7-5837-42a7-a96b-909b963bc928.m4a, Lighting is a crucial element that distinguish ordinary photographs from exceptional ones.
audio_c00d705f-c72b-4c3b-b17c-735e1bf1ebd5.m4a, The new policy reiterated focus from combat in inflation.
audio_c04df121-f6dc-4619-99f9-43c898ae49a4.m4a, He was unsuccessful in securing a position in the complete sport.
audio_c05e0de2-679b-4f92-9538-e39b5d8e2273.m4a," He has outstanding contributions, he has received the grants. He has outstanding contributions, he has received the research grants."
audio_c10c4b5c-4f55-455f-8994-ea3cf0dbc155.m4a, The staff should ensure the children have a day that is both enjoyable and educational.
audio_c210de42-58d6-4d9c-b811-bb029008b2e5.m4a, Lighting is a crucial element that is to lose the light of the photograph in the element of me.
audio_c21159f2-5874-4020-8467-be3071bda1a8.m4a," Jog, no I eat would be enjoy the joke."
audio_c2527dd7-896d-42b8-805e-b60a6af0b7b5.m4a," Getting ready to retire, he is a skill worker employee under the government."
audio_c317ee02-867f-4844-9b85-781fb8e2304d.m4a, The bank account for the business account kept separate for the personal account.
audio_c35da3e1-8798-46c9-81fd-1e8f06fbb96a.m4a," Over the last 3 years, they have been leaving entirely and defendantly."
audio_c3951a47-5fde-4f58-a6d0-a62ca596b026.m4a," Due to his contribution, he has received his grant."
audio_c5053e82-471a-4aad-885d-2b9361419600.m4a, He tried to blame his mistake on his score workers.
audio_c5a8adac-86cd-4c80-a9de-2e46b6523c33.m4a,işaartsiע
audio_c668e12a-120d-4a5c-8baa-5f09df63a2b6.m4a, He was unsecured the company's board.
audio_c8c580c8-23a0-4c83-8fde-063d4b09453c.m4a, The staff should enjoy that the childrens enjoy a ball.
audio_c923f671-2aa3-4d5c-ac7e-fb87049ef198.m4a, He seemed to think that speaking as a representative was expected.
audio_ca6b45c7-3239-4800-aab9-1f2c9750a123.m4a, Chosen choice and transports and uses better than using roads.
audio_cab948e0-0c9b-452e-a190-2444eee23193.m4a, He was unsector's who insecure the position of the company.
audio_caf0bc86-8086-4f9e-9b3c-9f057ee99afd.m4a," A bank account, separate business accounts, account, a bank account, separately, separate."
audio_cb45c01d-6446-48ac-83ca-e067c9b1869f.m4a, Choosing frames is the transporting and better juice of the road in the out system of the large system.
audio_cb78c96e-9eb5-4525-a1c5-adbfd41341fb.m4a, It was unsuccessful skewering the producing board.
audio_cc040067-152c-44a2-9e8b-092c2487e8e6.m4a, They were living comfortably unlike before in other parts of the world.
audio_cc043c7d-e31e-4bc5-a7f4-8ca2db52dc70.m4a, He was unsuccessful in securing position in the company boards.
audio_cdf3a475-6f20-40e3-92b2-e07365fca170.m4a, He is in a hardworking employee. He is going to retire with a skilled worker employee.
audio_cf3968e2-8c79-4946-9787-1027c15a4b68.m4a," The Star Football Show, the day has become enjoyable and enjoyable."
audio_cf890acb-8239-4d98-9179-3e614dc73d8f.m4a, Youtube Odds Standing Contribuction Today's Jam May Happen
audio_d0177839-688f-43da-86f5-57bc452bac29.m4a, The Bank Account of Business is kept separately professional account.
audio_d0ad43f6-3c9f-425d-9bf7-5e99f0c80662.m4a, He tried to blend in mistake these co-workers.
audio_d2dbe841-7228-4365-92ac-d5880b1bde5b.m4a, The new policy focus there the conjunction.
audio_d3528ab8-9377-4290-a7b4-895a5273386e.m4a, lighten of the cet the grooves and commence at heart
audio_d3b33658-1768-416a-a03e-0b8e7f4dfc93.m4a,"目標說, 朋友們將能趕快烈整天南時間"
audio_d3b98934-44ba-4366-9f2d-1dbda6f212ba.m4a, The bank account for corporate is separately for personal bank account
audio_d3deee93-e992-4390-8462-3441e7492c22.m4a, Due to his outstanding contribution and I am very happy.
audio_d47266c8-2d94-4cea-adcc-6b310cb9cca3.m4a, He's a hardworking employee and gardener.
audio_d4942caa-edb1-409c-9fb8-56ea33f5c487.m4a, They were living comfortably unlike other people in other parts of the world.
audio_d4c50438-383f-4dd8-81db-f3a5e2013997.m4a, getting ready for a tired he's a really good gardening and a tired
audio_d4d63711-9a1e-42fc-a299-5f3d7147d857.m4a, Choosing trains for transporting goods is better than using roads.
audio_d4ea80db-917a-4df4-a1a0-7a8a1aa6bd3a.m4a, Эксперент Релланда Стулан
audio_d75c5ac9-836e-4ddf-a3ac-897fac1d0ec3.m4a," Due to his astounding contribution, he has received his result stand."
audio_d7c0e254-ca68-437b-a86c-4f92842aa121.m4a, He was unsuccessful in securing a position on the company's board.
audio_d7e9f391-7d77-444d-ba40-822053312496.m4a, He tried to blame his mistakes on his coworker.
audio_d8fb4c8d-f26b-424c-86e1-e120b388c53a.m4a, Over the last three years they have been living entirely independently.
audio_d9d482a4-1c2b-4c3f-8f8c-fcdca30df232.m4a, فرماریية پوṣناض Detroit قشنیش مياڈزان ديست هرزشری
audio_db6d7761-c276-422b-83b3-060f99319e6a.m4a, Choosing train instead of traveling. Choosing trains for transporting the goods is even better than roadways.
audio_dca6e1f2-feef-4eaa-bd3b-33634b85c304.m4a, Due to his outstanding contribution he has seen in such a condition.
audio_dcc3d1ba-8723-42a8-8b37-7c8d68dabd38.m4a, The big accounts for the business work kept separate accounts.
audio_dd69d478-c0ef-4a67-91d0-00cf3acf8290.m4a, She enjoyed her sandwich by sitting several hours in office in lunch break.
audio_df37ff60-28b7-4a8c-869f-1e7290c82d3e.m4a, The cost constants suggested for the student preferences.
audio_dfc864e6-ac13-4a1e-8d0e-1c66796c2798.m4a, Many of our employees are assigned overseas at certain stages.
audio_e02fbccb-4118-46b9-909c-212287ef34ab.m4a, He is unsuccessful to check her computer in a bird.
audio_e0357e88-60e5-4bc7-b1cb-73609e7f4223.m4a," deliberately, it cracked the joke knowing that it will annoy ya."
audio_e0394a66-65e0-4db8-9bda-864db82774e7.m4a, They were living comfortably unlike other people who lived in the other part of the world.
audio_e1431498-2bcb-49b2-92c6-21ca80dad245.m4a, Due to his outstanding contributions he has received the search grant.
audio_e1967d07-98ce-4264-9a70-d9d30827c896.m4a, The new policy redirected focus from recombating in
audio_e25f4d26-385f-4f80-a215-39d64b355e0d.m4a, Liting is a distinct photograph
audio_e5021a34-141c-407d-891a-b137bab4c6a5.m4a, She enjoys her sandwich with other workers in their brick.
audio_e6c0ca41-4d33-4881-a8b9-08b7a2f09090.m4a, Try to blame these mistakes towards co-workers.
audio_e7093d15-b7bd-462b-9fbf-81770288b131.m4a, Lighting is a sensual element that distinguishes a photograph from a original one.
audio_e77aaa31-88e0-4678-9d95-5f560ca3b672.m4a, She enjoyed her sandwich while sitting with other office workers in their break.
audio_e922b205-14d9-4d66-a76a-581f44695927.m4a, The bank account for the business keep personal account.
audio_e9607ed0-06df-4e2f-8cdf-b5920ec479c7.m4a," A liberty impact to the law, know your guna."
audio_e9db4ebc-05fa-4b81-a053-ba2b29752305.m4a," Photographs from exceptional ones, these are the main words of the repeats and"
audio_e9f1a187-33be-41f2-8998-104785c7f157.m4a, She enjoys her lunch while sitting with others on her bench.
audio_ea27db03-741f-46c5-8dda-31e5924b3237.m4a, They were living comfortable on like people in other part of the world.
audio_ea6174f3-5223-44aa-a7a5-360de591fb35.m4a, He seemed to think the speaking as a representative was expected.
audio_edec1c98-1b4c-4eae-b2a8-305df2b31309.m4a, Many of our employees are assigned overseas at certain stages.
audio_edee036e-7eba-4939-80d4-74238c363351.m4a, The bank account for the business will kept separately from the personal accounts.
audio_ee7ded08-8a66-4f35-a8da-5a4987e0cd84.m4a," They leveried Lee, he quacked the job knowing who would annoy here."
audio_eebdeb28-4e78-45db-b8b9-a28683cea5b7.m4a, Heratya reka na bomperi ayolnikottaku Ulnei ganita.
audio_eec3e23b-cab7-4e47-8988-bdfd3580a99a.m4a," Getting ready to retire, he's a hardworking employee and a skilled grader."
audio_ef638f90-da95-4ab5-8aba-f31332155d17.m4a, He tried to blame his mistakes on his cow wikas.
audio_ef7e9723-70c1-40bc-a425-ea0b5760f57e.m4a, ayo buat trans yes перед他们
audio_efaf4e53-2807-47a3-9969-58985bd4403d.m4a," To getting retired, he is a hardworking employee and a skilled gardener."
audio_f17f3488-a1b2-4395-ae34-87fcd856d332.m4a, They were living comfortably on the like people slaving in the other parts of world.
audio_f2717f65-f976-452b-95bb-a6313bf16e70.m4a, Choosing trains for transporting goods is better than using roads.
audio_f2b8ff1e-538f-4cee-96b0-ebfe5ca98a89.m4a, Lighting is a crucial element that distinguishes ordinary photograph from a section as one.
audio_f2bf5964-f3ae-41aa-86e9-d4fd5e95dd3d.m4a," He is a leader of the plur, he is hardworking to the employer of governor."
audio_f2f8fbcd-d670-481b-9841-3075ae7d2ba6.m4a, The Coast Bay is the only student preference and their choice.
audio_f308b4d6-b2c2-4159-8586-190c7a3771fd.m4a," Due to his outstanding contribution, he was researched to the grounds."
audio_f5788d07-481a-43cb-ad5c-79e6b71ac172.m4a, MenAYA suka menonton evaluated sheriff yang baik
audio_f5833ef5-9797-422e-a266-d94db2375968.m4a, The Vong account is separately got in the personal account.
audio_f5ac7f30-9ea1-448f-8e9f-87b59972f7f4.m4a, He seemed to think the speaking as a representative was expected.
audio_f643becf-d355-4d6e-a258-7e12b9363eaf.m4a, كان Kern المطبق ست dåم علي هو الحقيقづ
audio_f66d5be7-d715-43ce-8904-eec1ada4fc6a.m4a, The call's content is adjusted based on the student's preferences.
audio_f6b70df6-bca8-4969-899b-0a38a8016b12.m4a, The bank account is a personal account.
audio_f6fe4af4-ae14-4792-8b33-41bc2265d0bf.m4a," Telebrately, he cracked the joke knowing that he would hurt her."
audio_f7c4471e-2910-4dc2-ba5a-7b425f220f95.m4a, See enjoy her sandwich with sitting with Sebral.
audio_f7f5de5a-b3ef-44b1-af29-e97aa20ef7a7.m4a, We will reaping cooperatively unlike people in other parts of the world.
audio_f86da9b5-9ed2-4153-9508-e59448e7d8bc.m4a, 2 well non low fields are going to start taking legal action against Obeko.
audio_f8e7b8fc-11c9-4a5e-90a9-34ce556a3033.m4a, Choosing trains for transportation is better than using roads.
audio_f96af918-d14c-4daf-be7c-5c3cb9aa5dd4.m4a," Deliberately, he cracked the joke, knowing that it will annoy her."
audio_fae2c0f2-80b2-4f5c-b579-0e94c44259da.m4a, A new manager was appointed to look the team's work.
audio_fae7e338-77b3-4b17-b535-cf83a42bb646.m4a, He tried to blame his mistakes on his coworkers.
audio_fb2547ba-e2e7-4762-bd5b-7a2f805d7936.m4a, The outstanding contribution to the research grant because I am so happy and very beautiful in the world.
audio_fc49c5b8-0d30-4f5a-9cae-4ed06e68149d.m4a, Seeing Jeter Sandwiches well worth visiting in the break.
audio_ff0c4829-52a7-429b-8a2d-3d76e68d2d50.m4a, She enjoyed her sandwich while sitting with others on her bike.
audio_ffe62b57-378c-4c02-87d1-5cd987b57097.m4a, Course content is interested based on the student's preference.
en-GB_Amy_1700050521130.mp3, The new policy redirected focus from combating inflation.
en-GB_Amy_1700050906818.mp3, Many of our employees are assigned overseas at certain stages.
en-GB_Amy_1709971885310.mp3," Getting ready to retire, he is a hardworking employee and a skilled gardener."
en-GB_Amy_1709972995277.mp3, Two well-known law firms are going to start taking legal action against tobacco companies.
en-GB_Brian_1700050051326.mp3, The staff should ensure the children have a day that is both enjoyable and educational.
en-GB_Brian_1709971006360.mp3, Lighting is a crucial element that distinguishes ordinary photographs from exceptional ones.
en-GB_Brian_1709971218815.mp3, He was unsuccessful in securing a position on the company's board.
en-GB_Brian_1709971293194.mp3, The bank accounts for the business were kept separate from personal accounts.
en-GB_Brian_1709971435292.mp3," deliberately, he cracked the joke, knowing it would annoy her."
en-GB_Brian_1709971543068.mp3," Over the last three years, they have been living entirely independently."
en-GB_Brian_1709971772191.mp3," They were living comfortably, unlike people in other parts of the world."
en-GB_Brian_1709972018010.mp3, He tried to blame his mistakes on his co-workers.
en-GB_Brian_1709972228064.mp3, The course content is adjusted based on the student's preferences.
en-GB_Brian_1709972460837.mp3, She enjoyed her sandwich while sitting with several other office workers on their break.
en-GB_Brian_1709972620945.mp3, A copy of the letter was attached to the bulletin board.
en-GB_Brian_1709972710444.mp3, Choosing trains for transporting goods is better than using roads.
en-GB_Brian_1709972791376.mp3, He seemed to think that speaking as a representative was expected.
en-GB_Brian_1709972837133.mp3, A new manager was appointed to overlook the team's work.
en-GB_Brian_1709972925365.mp3," Although lacking experience, he compensated with a willingness to learn."
en-IN_Kajal_1700049178365.mp3," Due to his outstanding contributions, he has received a research grant."
